City_ID,City,Lat,Lng,Max Temp,Humidity,Cloudiness,Wind Speed,Country,Date
0,puerto natales,-51.7236,-72.4875,4.25,81,40,2.57,CL,1685038384
1,hohhot,40.8106,111.6522,13.64,37,57,0.69,CN,1685038384
2,kasane,-17.8167,25.15,17.05,48,0,1.54,BW,1685038384
3,carnarvon,-24.8667,113.6333,21.03,49,95,9.21,AU,1685038384
4,dunedin,-45.8742,170.5036,17.67,35,100,2.68,NZ,1685038384
5,new norfolk,-42.7826,147.0587,6.72,72,45,0.89,AU,1685038384
6,adamstown,-25.066,-130.1015,23.19,71,20,3.02,PN,1685038385
7,ushuaia,-54.8,-68.3,4.79,75,40,8.23,AR,1685038385
8,ambovombe,-25.1667,46.0833,20.12,69,17,7.28,MG,1685038385
9,afaahiti,-17.75,-149.2833,25.93,75,75,4.36,PF,1685038385
10,yellowknife,62.456,-114.3525,14.91,44,37,0.43,CA,1685038291
11,suva,-18.1416,178.4415,20.71,100,75,1.03,FJ,1685038338
12,iqaluit,63.7506,-68.5145,0.85,80,100,4.47,CA,1685038386
13,velyka mykhaylivka,47.0794,29.8514,16.9,87,83,1.01,UA,1685038349
14,bethel,41.3712,-73.414,19.39,49,0,6.26,US,1685038386
15,bilibino,68.0546,166.4372,4.2,70,66,1.38,RU,1685038386
16,pedernales,18.0384,-71.744,29.48,67,4,4.81,DO,1685038386
17,port-aux-francais,-49.35,70.2167,5.18,99,99,9.02,TF,1685038386
18,susuman,62.7833,148.1667,1.09,73,13,1.16,RU,1685038387
19,aasiaat,68.7098,-52.8699,-0.3,68,15,3.34,GL,1685038387
20,port elizabeth,-33.918,25.5701,16.16,87,75,11.83,ZA,1685038387
21,jwaneng,-24.6004,24.7303,20.54,25,25,4.84,BW,1685038387
22,vadso,70.0744,29.7487,11.49,53,0,4.63,NO,1685038388
23,longyearbyen,78.2186,15.6401,1.91,80,75,7.2,SJ,1685038388
24,gilau,46.7324,23.3617,18.25,84,95,1.95,RO,1685038388
25,pervomayskoye,43.919,46.7102,21.89,68,89,3.08,RU,1685038388
26,pilcaya,18.7333,-99.6833,26.58,40,14,1.64,MX,1685038388
27,fale old settlement,-9.3852,-171.2468,28.19,76,56,5.45,TK,1685038389
28,naze,28.3667,129.4833,19.92,75,76,5.46,JP,1685038389
29,waitangi,-43.9535,-176.5597,12.12,86,41,1.79,NZ,1685038389
30,kui buri,12.0828,99.8543,27.0,79,83,3.16,TH,1685038389
31,ust-nera,64.5667,143.2,-0.17,78,20,2.34,RU,1685038389
32,avarua,-21.2078,-159.775,26.03,78,20,4.12,CK,1685038389
33,stanley,54.868,-1.6985,16.4,66,20,2.06,GB,1685038390
34,baiyin,36.5583,104.2081,14.58,49,100,5.42,CN,1685038163
35,xuddur,4.1213,43.8894,27.43,52,47,3.48,SO,1685038390
36,invercargill,-46.4,168.35,13.94,66,100,6.1,NZ,1685038390
37,soeng sang,14.4264,102.4606,25.54,76,61,2.66,TH,1685038390
38,grytviken,-54.2811,-36.5092,-0.04,77,42,1.63,GS,1685038390
39,iquitos,-3.7481,-73.2472,31.02,79,75,2.57,PE,1685038202
40,barra de santo antonio,-9.4047,-35.5072,28.6,75,16,4.55,BR,1685038391
41,arar,30.9753,41.0381,31.01,16,40,10.29,SA,1685038245
42,gobindpur,22.6333,86.0667,30.3,45,50,1.64,IN,1685038391
43,college,64.8569,-147.8028,17.27,51,20,2.06,US,1685038391
44,hawera,-39.5917,174.2833,11.8,92,20,3.45,NZ,1685038391
45,jamestown,42.097,-79.2353,16.68,46,0,5.14,US,1685038391
46,puerto ayora,-0.7393,-90.3518,31.98,86,59,4.02,EC,1685038392
47,gloucester,51.8657,-2.2431,20.1,56,0,2.68,GB,1685038392
48,poplar bluff,36.757,-90.3929,29.88,38,0,4.12,US,1685038392
49,martapura,-3.4167,114.85,26.05,100,100,0.51,ID,1685038392
50,west plains,36.7281,-91.8524,28.46,48,20,4.63,US,1685038393
51,kanchanaburi,14.6333,99.1,24.16,86,14,2.35,TH,1685038393
52,shimoda,34.6667,138.95,14.5,69,61,2.14,JP,1685038393
53,okhotsk,59.3833,143.3,1.05,91,99,2.37,RU,1685038393
54,saipan,15.1355,145.701,27.58,100,75,7.72,MP,1685038218
55,qaqortoq,60.7167,-46.0333,1.26,100,100,1.7,GL,1685038393
56,pengcheng,36.4311,114.17,21.16,54,96,1.69,CN,1685038393
57,thompson,55.7435,-97.8558,12.81,95,100,1.64,CA,1685038394
58,calama,-22.4667,-68.9333,21.27,16,0,8.23,CL,1685038394
59,dover,39.1582,-75.5244,21.16,42,0,6.17,US,1685038394
60,atafu village,-8.5421,-172.5159,27.99,75,54,4.69,TK,1685038394
61,gering,41.8258,-103.6605,24.92,43,0,6.69,US,1685038252
62,kapuskasing,49.4169,-82.4331,15.05,29,75,2.06,CA,1685038395
63,ilulissat,69.2167,-51.1,3.01,52,0,2.57,GL,1685038395
64,wailua homesteads,22.0669,-159.378,23.44,81,75,7.2,US,1685038395
65,isafjordur,66.0755,-23.124,7.02,61,75,3.09,IS,1685038395
66,crane,31.3974,-102.3501,23.33,68,97,8.96,US,1685038395
67,billings,45.7833,-108.5007,21.83,59,40,3.13,US,1685038206
68,amga,60.8953,131.9608,2.38,90,54,1.16,RU,1685038395
69,turan,16.0678,108.2208,26.99,78,20,1.03,VN,1685038396
70,san patricio,28.017,-97.5169,31.92,54,29,3.0,US,1685038401
71,anaco,9.4389,-64.4728,32.94,44,87,5.1,VE,1685038401
72,katsina,12.9894,7.6006,35.7,27,39,3.75,NG,1685038401
73,whitehorse,60.7161,-135.0538,15.05,49,75,4.63,CA,1685037957
74,whangarei,-35.7317,174.3239,9.45,96,7,0.37,NZ,1685038401
75,thinadhoo,0.5333,72.9333,27.99,74,94,1.48,MV,1685038402
76,manokwari,-0.8667,134.0833,26.21,77,99,1.18,ID,1685038402
77,kerouane,9.2667,-9.0167,24.09,81,100,1.07,GN,1685038402
78,blackmans bay,-43.0167,147.3167,6.07,80,37,4.5,AU,1685038402
79,hermanus,-34.4187,19.2345,9.89,76,82,7.39,ZA,1685038402
80,lib,8.3122,167.3766,28.02,79,100,7.79,MH,1685038402
81,punta arenas,-53.15,-70.9167,5.06,65,75,4.63,CL,1685038106
82,kutaisi,42.2496,42.6997,17.43,82,75,5.66,GE,1685038403
83,vilyuchinsk,52.9306,158.4028,5.15,92,100,3.05,RU,1685038403
84,amungan,15.3652,119.9582,26.63,84,98,0.75,PH,1685038403
85,tiksi,71.6872,128.8694,-3.55,87,35,3.77,RU,1685038403
86,posto fiscal rolim de moura,-13.0833,-62.2667,33.39,42,70,1.43,BR,1685038403
87,goulburn,-34.75,149.7167,8.77,55,50,1.34,AU,1685038404
88,pathein,16.7833,94.7333,27.61,78,3,3.25,MM,1685038404
89,west island,-12.1568,96.8225,26.99,78,100,4.63,CC,1685038404
90,nar'yan-mar,67.6713,53.087,17.94,76,82,8.16,RU,1685038404
91,howrah,22.5892,88.3103,24.0,88,100,4.12,IN,1685038404
92,labrador city,52.9463,-66.9114,9.95,40,20,4.12,CA,1685038404
93,talnakh,69.4865,88.3972,1.23,98,100,3.28,RU,1685038404
94,goundi,9.3627,17.366,33.15,39,86,1.8,TD,1685038405
95,albany,42.6001,-73.9662,17.73,45,6,0.89,US,1685038405
96,port mathurin,-19.6833,63.4167,25.47,75,7,4.61,MU,1685038405
97,uturoa,-16.7333,-151.4333,27.16,73,75,5.57,PF,1685038405
98,edinburgh of the seven seas,-37.0676,-12.3116,16.23,88,64,13.48,SH,1685038405
99,papatowai,-46.5619,169.4708,12.48,70,100,4.36,NZ,1685038405
100,salisbury,51.0693,-1.7957,18.78,54,20,6.17,GB,1685038119
101,plouzane,48.3833,-4.6167,17.03,65,0,8.23,FR,1685038406
102,nyurba,63.2842,118.3319,3.2,75,53,3.62,RU,1685038406
103,soio,-6.1349,12.3689,25.31,83,91,4.68,AO,1685038406
104,lompoc,34.6391,-120.4579,19.36,69,40,4.63,US,1685038205
105,pisco,-13.7,-76.2167,22.23,78,100,3.09,PE,1685038177
106,la'ie,21.6477,-157.9253,24.5,76,44,3.13,US,1685038407
107,pasuquin,18.3328,120.6177,26.97,89,20,1.03,PH,1685038407
108,constantia,44.1833,28.65,19.38,80,34,2.03,RO,1685038407
109,vorgashor,67.5833,63.95,13.0,78,90,4.28,RU,1685038407
110,chonchi,-42.6128,-73.8092,8.56,91,100,2.04,CL,1685038407
111,kalianget,-7.05,113.9333,26.99,75,7,4.85,ID,1685038407
112,zeya,53.75,127.2667,7.13,95,100,3.84,RU,1685038407
113,nuku'alofa,-21.1333,-175.2,22.19,83,100,2.57,TO,1685038408
114,iskateley,67.6803,53.1512,17.9,75,83,8.16,RU,1685038408
115,klyuchi,52.2667,79.1667,15.76,46,100,3.82,RU,1685038408
116,olonkinbyen,70.9221,-8.7187,-1.25,67,97,11.26,SJ,1685038408
117,geraldton,-28.7667,114.6,10.23,71,0,4.63,AU,1685038408
118,sejong,36.4817,127.2871,17.24,57,100,0.76,KR,1685038408
119,georgetown,5.4112,100.3354,27.96,78,20,0.0,MY,1685038246
120,port lincoln,-34.7333,135.8667,12.34,61,32,8.05,AU,1685038409
121,bredasdorp,-34.5322,20.0403,10.43,86,98,5.07,ZA,1685038409
122,carutapera,-1.195,-46.02,29.08,71,36,4.34,BR,1685038409
123,laguna,38.421,-121.4238,21.35,61,0,4.63,US,1685038409
124,anadyr,64.75,177.4833,0.28,93,100,3.0,RU,1685038409
125,emerald,-23.5333,148.1667,13.27,83,4,2.02,AU,1685038410
126,nefteyugansk,61.0998,72.6035,12.16,45,0,4.16,RU,1685038524
127,mount pearl,47.5166,-52.7813,8.86,67,100,4.12,CA,1685038410
128,kingston,17.997,-76.7936,31.25,70,7,2.68,JM,1685038173
129,nogliki,51.8333,143.1667,1.38,96,95,2.36,RU,1685038410
130,nemuro,43.3236,145.575,9.28,78,1,2.08,JP,1685038410
131,oranjemund,-28.55,16.4333,13.04,82,22,2.29,NA,1685038411
132,boonville,38.9736,-92.7432,28.68,54,0,2.06,US,1685038411
133,banda aceh,5.5577,95.3222,27.28,80,84,3.41,ID,1685038402
134,fort bragg,35.139,-79.006,25.08,47,75,6.69,US,1685038411
135,andergrove,-21.0833,149.1833,15.91,73,100,3.75,AU,1685038411
136,sinabang,2.4803,96.3801,26.68,82,67,1.26,ID,1685038411
137,kutum,14.2,24.6667,30.98,16,11,2.94,SD,1685038417
138,novyy urgal,51.0736,132.5642,14.06,83,100,2.35,RU,1685038417
139,hovd,48.0056,91.6419,6.07,79,99,1.32,MN,1685038417
140,margaret river,-33.95,115.0667,8.82,77,0,3.74,AU,1685038417
141,tidjikja,18.5564,-11.4271,35.21,24,94,3.26,MR,1685038417
142,batticaloa,7.7102,81.6924,28.51,77,31,3.27,LK,1685038417
143,russellville,35.2784,-93.1338,29.54,37,20,4.12,US,1685038417
144,bikenibeu village,1.3673,173.1241,27.98,83,40,1.03,KI,1685038418
145,ujae,8.9322,165.7642,28.11,79,98,7.45,MH,1685038404
146,stepnogorsk,52.3544,71.8869,13.39,86,99,3.04,KZ,1685038418
147,boende,-0.2167,20.8667,26.83,68,96,0.59,CD,1685038418
148,tsiombe,-25.3,45.4833,19.79,69,9,5.76,MG,1685038418
149,santa eularia des riu,38.9846,1.5341,21.28,79,20,2.57,ES,1685038418
150,kalmunai,7.4167,81.8167,28.17,79,32,1.59,LK,1685038419
151,vitali,7.3711,122.2886,25.95,89,98,1.69,PH,1685038419
152,hammerfest,70.6634,23.6821,7.25,49,40,11.32,NO,1685038419
153,ribeira grande,38.5167,-28.7,18.76,82,75,3.13,PT,1685038419
154,praia da vitoria,38.7333,-27.0667,19.14,77,40,5.7,PT,1685038419
155,fortuna,40.5982,-124.1573,12.59,94,75,2.06,US,1685038419
156,whakatane,-37.9585,176.9854,7.1,99,6,0.45,NZ,1685038419
157,usinsk,65.9939,57.5281,20.23,50,86,10.12,RU,1685038420
158,saint croix,17.7397,-64.7388,30.25,66,20,5.66,VI,1685038420
159,saint-pierre,-21.3393,55.4781,21.98,73,100,3.6,RE,1685038420
160,mata-utu,-13.2816,-176.1745,27.83,76,100,4.49,WF,1685038420
161,horta,38.5333,-28.6333,18.34,77,75,3.13,PT,1685038420
162,udachny,66.4167,112.4,1.36,74,100,2.94,RU,1685038420
163,utrik,11.2278,169.8474,27.67,78,100,9.58,MH,1685038420
164,north bend,43.4065,-124.2243,20.69,83,40,5.66,US,1685038421
165,daru,-9.0763,143.2092,25.39,87,100,7.25,PG,1685038421
166,prado del rey,36.7987,-5.5507,24.42,61,44,2.82,ES,1685038421
167,eraan,9.0629,117.7016,25.76,84,99,1.41,PH,1685038421
168,luganville,-15.5333,167.1667,23.92,75,99,4.32,VU,1685038421
169,bamboo flat,11.7,92.7167,28.87,77,90,4.94,IN,1685038421
170,hirara,24.8,125.2833,24.57,77,72,7.09,JP,1685038421
171,mangrol,21.1167,70.1167,28.54,83,11,7.97,IN,1685038422
172,kokpekty,48.75,82.4,12.37,37,18,7.11,KZ,1685038422
173,mermoz boabab,14.7065,-17.4758,30.31,74,0,5.14,SN,1685038422
174,alofi,-19.0595,-169.9187,21.84,92,100,6.24,NU,1685038422
175,namibe,-15.1961,12.1522,21.24,70,1,6.13,AO,1685038422
176,ishim,56.1128,69.4902,10.57,88,19,4.26,RU,1685038343
177,kirakira,-10.4544,161.9205,25.44,88,100,2.63,SB,1685038422
178,lodwar,3.1191,35.5973,31.25,40,32,8.96,KE,1685038423
179,arraial do cabo,-22.9661,-42.0278,25.92,69,20,6.17,BR,1685038423
180,kimberley,-28.7323,24.7623,16.83,36,0,6.69,ZA,1685038423
181,kudahuvadhoo,2.6708,72.8944,28.76,68,38,2.56,MV,1685038423
182,katsuura,35.1333,140.3,17.19,68,23,3.98,JP,1685038423
183,dame-marie,18.5667,-74.4167,29.33,65,1,5.26,HT,1685038423
184,harstad,68.799,16.5293,4.66,99,100,8.94,NO,1685038423
185,milaor,13.5961,123.1772,25.54,90,87,1.81,PH,1685038423
186,murghob,38.1702,73.9667,3.77,35,20,3.16,TJ,1685038424
187,kalymnos,36.95,26.9833,20.74,83,20,2.57,GR,1685038424
188,zheleznodorozhnyy,55.7503,38.0042,18.23,93,75,1.14,RU,1685038424
189,acapulco de juarez,16.8634,-99.8901,31.9,66,20,2.57,MX,1685038306
190,bima,-8.4667,118.7167,23.07,94,88,1.83,ID,1685038424
191,minas de marcona,-15.2119,-75.1103,19.8,61,33,5.99,PE,1685038424
192,lincoln city,44.9582,-124.0179,23.26,75,1,5.36,US,1685038424
193,weno,7.4515,151.8468,28.33,76,57,3.04,FM,1685038425
194,palo santo,-25.5633,-59.3378,29.51,40,34,4.55,AR,1685038425
195,mar del plata,-38.0023,-57.5575,16.08,99,100,4.63,AR,1685038425
196,ploudalmezeau,48.5333,-4.65,17.14,67,0,8.23,FR,1685038425
197,rutland,43.6167,-73.0162,15.45,52,20,7.72,US,1685038377
198,axim,4.8699,-2.2405,27.89,79,82,3.08,GH,1685038425
199,keren,15.7778,38.4581,25.35,54,67,3.3,ER,1685038425
200,suoyarvi,62.0833,32.35,12.24,93,100,3.76,RU,1685038426
201,lazaro cardenas,17.9583,-102.2,31.6,53,62,4.61,MX,1685038426
202,asyqata,40.8994,68.3611,20.62,32,58,3.4,KZ,1685038426
203,yashkul',46.1711,45.3435,27.37,44,25,3.27,RU,1685038426
204,sao joao da barra,-21.6403,-41.0511,26.05,73,18,5.28,BR,1685038419
205,salym,60.0625,71.4789,10.16,56,0,2.03,RU,1685038426
206,tartu,58.3806,26.7251,18.14,48,67,5.66,EE,1685038426
207,karratha,-20.7377,116.8463,20.86,24,1,5.5,AU,1685038427
208,moses lake,47.1301,-119.2781,21.38,43,0,2.57,US,1685038427
209,codrington,-38.2667,141.9667,10.63,59,49,6.9,AU,1685038427
210,lihue,21.9789,-159.3672,23.77,82,75,7.2,US,1685038427
211,leitchfield,37.48,-86.2939,23.99,65,11,1.34,US,1685038250
212,'ain abid,36.2319,6.9433,15.93,83,89,3.9,DZ,1685038427
213,nelidovo,56.2211,32.7774,15.37,61,61,1.44,RU,1685038427
214,semporna,4.4818,118.6112,25.85,87,100,1.82,MY,1685038427
215,waingapu,-9.6567,120.2641,23.48,86,35,4.41,ID,1685038428
216,kodiak,57.79,-152.4072,6.73,70,40,0.0,US,1685038428
217,inhambane,-23.865,35.3833,23.99,69,20,5.14,MZ,1685038428
218,mejit,10.2753,170.8646,27.72,79,100,9.07,MH,1685038428
219,piterka,50.6803,47.4454,22.49,38,93,5.9,RU,1685038428
220,lebu,-37.6167,-73.65,13.42,80,31,6.93,CL,1685038428
221,morfou,35.1981,32.9914,20.49,78,11,5.01,CY,1685038429
222,gaiman,-43.2897,-65.4929,18.61,22,1,12.27,AR,1685038429
223,bukama,-9.2,25.85,26.39,46,75,0.6,CD,1685038429
224,nova sintra,14.8667,-24.7167,21.06,82,80,6.71,CV,1685038429
225,saldanha,-33.0117,17.9442,12.03,68,39,8.24,ZA,1685038429
226,puerto baquerizo moreno,-0.9,-89.6,26.31,77,71,5.9,EC,1685038430
227,masuguru,-11.3667,38.4167,23.33,56,29,0.96,TZ,1685038430
228,zaigrayevo,51.8336,108.2703,4.05,62,90,3.55,RU,1685038430
229,khenifra,32.9333,-5.6667,24.12,37,2,5.1,MA,1685038430
230,kinkala,-4.3614,14.7644,22.51,93,95,1.95,CG,1685038430
231,bafq,31.6128,55.4107,29.06,25,100,3.08,IR,1685038431
232,hamilton,39.1834,-84.5333,21.52,36,0,5.66,US,1685037940
233,muravlenko,63.7898,74.523,10.3,50,2,4.22,RU,1685038431
234,bethanie,-26.4833,17.15,9.21,76,29,5.01,NA,1685038431
235,caxito,-8.5785,13.6643,24.19,84,58,3.03,AO,1685038431
236,nanakuli,21.3906,-158.1547,24.5,73,40,2.57,US,1685038431
237,hithadhoo,-0.6,73.0833,28.8,70,65,4.64,MV,1685038432
238,alenquer,-1.9417,-54.7383,29.74,71,100,3.03,BR,1685038432
239,smithers,54.7804,-127.1743,17.18,51,40,1.03,CA,1685037957
240,yeniseysk,58.4497,92.1703,2.73,80,35,1.7,RU,1685038432
241,inirida,3.8653,-67.9239,23.56,98,100,1.46,CO,1685038432
242,shingu,33.7333,135.9833,18.28,85,99,3.28,JP,1685038432
243,newport,51.5877,-2.9984,20.06,81,88,3.74,GB,1685038432
244,virac,13.6333,124.2167,22.92,87,70,1.93,PH,1685038433
245,altai,46.3722,96.2583,5.25,62,97,2.6,MN,1685038433
246,rio grande,-32.035,-52.0986,31.06,63,59,3.23,BR,1685038197
247,bairnsdale,-37.8333,147.6167,8.36,86,99,3.8,AU,1685038433
248,badger,64.8,-147.5333,17.22,51,20,2.06,US,1685038433
249,robore,-18.3333,-59.75,32.64,37,27,5.48,BO,1685038433
250,cooper's town,26.8667,-77.5167,26.07,73,52,3.76,BS,1685038434
251,zelenoborskiy,66.845,32.3622,10.23,46,32,5.84,RU,1685038434
252,guerrero negro,27.9769,-114.0611,18.52,59,100,6.54,MX,1685038434
253,happy valley-goose bay,53.3168,-60.3315,10.17,50,40,3.6,CA,1685038348
254,hollfeld,49.9386,11.2925,18.58,77,0,4.19,DE,1685038434
255,ciudad lazaro cardenas,17.9583,-102.2,31.6,53,62,4.61,MX,1685038155
256,kavaratti,10.5669,72.642,29.71,68,50,2.67,IN,1685038435
257,egilsstadir,65.2653,-14.3948,7.95,66,0,5.14,IS,1685038435
258,kualakapuas,-3.0091,114.3876,23.45,97,14,1.19,ID,1685038435
259,st. john's,47.5649,-52.7093,9.32,71,100,2.24,CA,1685038313
260,jarna,48.212,12.0567,20.62,81,12,2.35,DE,1685038435
261,island harbour,50.724,-1.2758,19.04,77,63,2.24,GB,1685038435
262,ardestan,33.3761,52.3694,27.25,28,93,2.32,IR,1685038436
263,kovalam,8.3667,76.9967,30.05,74,40,2.06,IN,1685038156
264,nishinoomote,30.7333,131.0,21.18,65,3,5.22,JP,1685038436
265,ghat,24.9647,10.1728,33.73,11,91,4.8,LY,1685038436
266,sitka,57.0531,-135.33,11.94,82,75,2.57,US,1685038436
267,itaporanga,-7.3044,-38.1503,35.41,27,7,3.98,BR,1685038359
268,shajapur,23.4333,76.2667,28.08,46,44,2.71,IN,1685038436
269,port hedland,-20.3167,118.5667,16.03,31,1,4.63,AU,1685038437
270,keflavik,64.0049,-22.5624,9.24,71,75,10.8,IS,1685038437
271,el granada,37.5027,-122.4694,19.94,73,100,5.66,US,1685038437
272,labytnangi,66.6572,66.4183,16.34,62,80,3.16,RU,1685038437
273,kendraparha,20.5,86.4167,28.25,65,72,4.04,IN,1685038437
274,muromtsevo,56.3724,75.2418,8.07,74,66,3.15,RU,1685038437
275,kharp,66.8014,65.8081,15.46,70,97,2.09,RU,1685038438
276,otacilio costa,-27.4831,-50.1219,21.24,54,30,2.06,BR,1685038438
277,portland,45.5234,-122.6762,23.65,56,20,2.57,US,1685037951
278,caburan,5.9181,125.6411,26.32,82,100,0.94,PH,1685038438
279,tazovsky,67.4667,78.7,2.72,88,92,4.37,RU,1685038438
280,isla mujeres,21.2311,-86.731,30.09,68,7,5.3,MX,1685038438
281,palangkaraya,-2.2,113.8333,23.88,96,91,1.31,ID,1685038439
282,progreso,21.2833,-89.6667,33.06,59,1,4.65,MX,1685038439
283,north myrtle beach,33.816,-78.68,26.18,51,100,8.75,US,1685038256
284,fortaleza,-3.7227,-38.5247,30.07,62,75,6.17,BR,1685038200
285,saudarkrokur,65.7461,-19.6394,7.91,52,70,9.47,IS,1685038192
286,kerikeri,-35.2268,173.9474,7.73,94,6,1.29,NZ,1685038439
287,luderitz,-26.6481,15.1594,12.84,89,24,3.52,NA,1685038440
288,galesong,-5.3166,119.3661,25.01,84,58,3.17,ID,1685038440
289,paris,48.8534,2.3488,21.32,49,0,6.69,FR,1685038072
290,fada,9.5667,8.3,23.21,88,97,1.97,NG,1685038440
291,tazacorte,28.629,-17.9293,20.64,73,75,1.79,ES,1685038440
292,sao paulo de olivenca,-3.3783,-68.8725,30.63,67,90,1.05,BR,1685038440
293,dalby,-27.1833,151.2667,12.03,85,0,4.48,AU,1685038440
294,petropavlovsk-kamchatsky,53.0452,158.6483,4.33,100,75,2.0,RU,1685038441
295,torghay,49.6339,63.4981,20.08,34,4,2.23,KZ,1685038441
296,korla,41.7597,86.1469,19.28,33,99,1.2,CN,1685038441
297,ghorawal,24.7667,82.7833,28.96,49,17,2.83,IN,1685038441
298,lagoa,39.05,-27.9833,17.01,75,87,7.18,PT,1685038441
299,sickte,52.2185,10.6424,17.53,60,75,2.06,DE,1685038442
300,shimanovsk,52.0,127.7,13.25,94,100,5.63,RU,1685038312
301,caluula,11.9661,50.7569,29.82,75,91,2.32,SO,1685038442
302,lautoka,-17.6167,177.4667,20.92,88,75,2.06,FJ,1685038442
303,bandarbeyla,9.4942,50.8122,28.37,79,31,9.5,SO,1685038442
304,ambon,-3.6954,128.1814,29.08,14,40,2.06,ID,1685038442
305,chos malal,-37.3781,-70.2709,13.05,45,84,11.36,AR,1685038443
306,vorkuta,67.5,64.0,13.48,76,89,4.34,RU,1685038181
307,coronel suarez,-37.4547,-61.9334,19.75,71,100,4.15,AR,1685038443
308,al karamah,31.9522,35.5792,27.64,41,0,2.67,JO,1685038165
309,kelibia,36.8476,11.0939,20.14,88,40,2.06,TN,1685038443
310,hawaiian paradise park,19.5933,-154.9731,22.8,93,100,1.54,US,1685038443
311,gangawati,15.4333,76.5333,29.64,50,34,7.44,IN,1685038443
312,belle fourche,44.6714,-103.8522,28.52,51,95,4.34,US,1685038444
313,igarka,67.4667,86.5833,-0.01,95,100,0.82,RU,1685038444
314,meadow lakes,61.6247,-149.6011,11.09,81,100,0.89,US,1685038444
315,saqqez,36.2499,46.2735,17.52,61,100,0.82,IR,1685038444
316,morehead city,34.7229,-76.726,22.03,83,100,7.72,US,1685038422
317,port alfred,-33.5906,26.891,16.77,94,76,0.89,ZA,1685038444
318,ovalle,-30.5983,-71.2003,21.54,42,38,2.2,CL,1685038445
319,broome,42.2506,-75.833,17.79,49,0,7.72,US,1685038445
320,waddan,29.1614,16.139,29.7,14,58,4.73,LY,1685038445
321,westerland,54.9079,8.3033,12.23,71,75,11.32,DE,1685038445
322,bilokurakyne,49.5341,38.7307,17.6,84,77,1.11,UA,1685038445
323,mushie,-3.0167,16.9,27.76,66,69,1.2,CD,1685038445
324,kibre mengist,5.8833,38.9833,15.17,98,67,0.46,ET,1685038445
325,dolinsk,47.35,142.8,9.44,78,40,4.36,RU,1685038446
326,magong,23.5654,119.5863,25.41,84,11,2.18,TW,1685038446
327,hilo,19.7297,-155.09,24.79,89,100,1.54,US,1685038446
328,ugoofaaru,5.6667,73.0,29.09,73,13,4.46,MV,1685038446
329,ceeldheer,3.8488,47.1806,27.41,73,49,6.81,SO,1685038446
330,kabinda,-6.1333,24.4833,24.06,64,73,2.11,CD,1685038446
331,port-saint-louis-du-rhone,43.3833,4.8,22.13,60,0,1.54,FR,1685038446
332,traverse city,44.7631,-85.6206,18.8,42,0,3.6,US,1685038155
333,praya,14.9215,-23.5087,26.3,65,20,9.26,CV,1685038447
334,tobelo,1.7284,128.0095,26.69,82,100,1.88,ID,1685038447
335,kura,11.7697,8.4303,36.0,39,69,5.58,NG,1685038447
336,iaciara,-14.0958,-46.6317,32.25,25,1,3.33,BR,1685038240
337,fukumitsu,36.55,136.8667,15.67,85,46,0.89,JP,1685038176
338,qamdo,31.1667,97.2333,4.89,45,16,2.84,CN,1685038447
339,ocean acres,39.7435,-74.281,21.58,55,2,0.89,US,1685038448
340,alice springs,-23.7,133.8833,13.75,67,40,6.98,AU,1685038335
341,primero de mayo,-32.2552,-58.4228,24.19,48,83,6.88,AR,1685038448
342,mathba,22.2855,89.9629,25.56,76,94,2.51,BD,1685038448
343,hobyo,5.3505,48.5268,28.25,79,91,7.26,SO,1685038448
344,kidal,18.4411,1.4078,39.37,11,10,4.09,ML,1685038448
345,peshawar,34.008,71.5785,26.08,57,20,7.2,PK,1685038436
346,jerseyville,39.12,-90.3285,25.92,53,15,5.49,US,1685038449
347,salalah,17.0151,54.0924,30.05,79,40,3.6,OM,1685038449
348,virrat,62.2476,23.78,12.19,45,33,3.61,FI,1685038449
349,sandnessjoen,66.0217,12.6316,5.36,80,75,6.17,NO,1685038449
350,pontianak,-0.0333,109.3333,24.99,94,65,0.51,ID,1685038152
351,three rivers,41.9439,-85.6325,18.24,24,0,4.12,US,1685038449
352,burdur,37.7203,30.2908,16.39,72,75,5.14,TR,1685038449
353,buka,40.8108,69.1986,20.88,28,43,4.9,UZ,1685038450
354,tolanaro,-25.0319,46.9987,20.4,74,90,3.91,MG,1685038450
355,bingol,38.8847,40.4939,12.56,89,100,2.38,TR,1685038450
356,seydi,39.4816,62.9137,25.34,15,1,4.9,TM,1685038450
357,zhanaozen,43.3,52.8,27.88,18,86,11.78,KZ,1685038450
358,merowe,18.4833,31.8167,38.45,11,0,4.3,SD,1685038451
359,tralee,52.2704,-9.7026,15.31,82,26,3.6,IE,1685038451
360,sao jose da coroa grande,-8.8978,-35.1478,27.68,71,20,4.87,BR,1685038427
361,kolonia town,6.964,158.206,27.0,89,75,2.57,FM,1685038451
362,arish,31.1316,33.7984,21.84,69,0,3.37,EG,1685038451
363,acala,16.5667,-92.8,33.12,35,81,2.05,MX,1685038451
364,ierapetra,35.01,25.7353,21.19,62,35,1.79,GR,1685038452
365,tura,25.5198,90.2201,21.03,98,91,2.35,IN,1685038452
366,jakobstad,63.6749,22.7026,11.09,69,60,5.95,FI,1685038452
367,holualoa,19.6228,-155.9522,23.91,82,20,1.79,US,1685038452
368,mahibadhoo,3.7833,72.9667,28.82,71,28,3.86,MV,1685038452
369,san lawrenz,36.0553,14.204,18.81,88,50,10.67,MT,1685038453
370,yazoo city,32.8551,-90.4056,29.39,34,0,5.28,US,1685038453
371,vaskelovo,60.3693,30.3534,13.5,79,100,3.51,RU,1685038453
372,bubaque,11.2833,-15.8333,27.46,73,100,4.47,GW,1685038453
373,craig,40.5153,-107.5464,22.79,35,0,2.06,US,1685038315
374,gadzhiyevo,69.2551,33.3362,11.78,43,77,7.24,RU,1685038453
375,wuyang,31.9925,116.2472,23.2,67,94,0.87,CN,1685038454
376,katabu,-4.9333,122.5167,23.6,94,51,2.08,ID,1685038454
377,lucapa,-8.4192,20.7447,25.13,47,87,1.44,AO,1685038454
378,irati,-25.4672,-50.6511,23.66,42,0,2.0,BR,1685038454
379,dakhla,23.6848,-15.958,20.01,73,40,6.17,EH,1685038454
380,nabire,-3.3667,135.4833,24.79,92,100,2.06,ID,1685038454
381,sumbawa besar,-8.5,117.4333,23.21,83,96,1.7,ID,1685038454
382,tanjung pandan,-2.75,107.65,25.96,89,5,3.09,ID,1685038455
383,tataouine,32.9297,10.4518,19.52,68,60,8.76,TN,1685038455
384,semera,11.501,41.201,33.72,33,39,5.55,ET,1685038455
385,lerwick,60.1545,-1.1494,10.0,77,100,8.68,GB,1685038455
386,howard springs,-12.497,131.047,21.95,57,2,2.55,AU,1685038455
387,oranjestad,12.524,-70.027,32.97,62,40,8.75,AW,1685038455
388,karakoyunlu,39.8704,43.6301,9.89,85,52,0.43,TR,1685038456
389,qarauyl,48.9451,79.255,12.14,38,39,1.28,KZ,1685038456
390,remire-montjoly,4.9167,-52.2667,26.02,89,75,1.54,GF,1685038456
391,ingeniero jacobacci,-41.3427,-69.5448,9.56,48,9,14.71,AR,1685038456
392,tchintabaraden,15.8969,5.7985,39.25,13,55,2.75,NE,1685038456
393,neuves-maisons,48.6203,6.107,21.19,46,0,5.14,FR,1685038456
394,bathsheba,13.2167,-59.5167,31.34,66,40,5.14,BB,1685038457
395,westport,41.1415,-73.3579,20.08,46,40,2.68,US,1685038330
396,rongelap,11.1635,166.8941,27.61,79,100,7.71,MH,1685038457
397,crateus,-5.1783,-40.6775,33.94,30,53,4.35,BR,1685038342
398,revda,56.801,59.9303,16.53,57,51,0.24,RU,1685038457
399,natal,-5.795,-35.2094,28.36,74,75,5.66,BR,1685038390
400,kone,-21.0595,164.8658,16.65,75,0,1.8,NC,1685038457
401,chibougamau,49.9168,-74.3659,12.79,35,0,5.14,CA,1685038458
402,naama,33.2667,-0.3167,20.63,28,3,5.66,DZ,1685038458
403,cockburn town,21.4612,-71.1419,27.48,79,47,4.68,TC,1685038458
404,manicore,-5.8092,-61.3003,35.34,39,96,1.99,BR,1685038458
405,saint-philippe,-21.3585,55.7679,21.77,90,99,5.21,RE,1685038458
406,yangiobod,41.1192,70.0941,13.41,45,78,0.81,UZ,1685038458
407,taoudenni,22.6783,-3.9836,36.28,15,77,3.71,ML,1685038459
408,valdez,1.2492,-78.9831,27.76,73,95,2.17,EC,1685038328
409,nuuk,64.1835,-51.7216,3.34,75,75,4.63,GL,1685038459
410,yerofey pavlovich,53.9667,121.9667,8.08,85,100,3.07,RU,1685038459
411,bitkine,11.9801,18.2138,35.33,30,58,5.44,TD,1685038459
412,novyy rogachik,48.6768,44.0608,20.5,74,44,1.83,RU,1685038464
413,callao,-12.0667,-77.15,27.07,64,100,4.12,PE,1685038464
414,yuzhno-kurilsk,44.0306,145.8556,11.44,58,0,1.67,RU,1685038465
415,grand gaube,-20.0064,57.6608,21.88,75,74,1.79,MU,1685038465
416,poronaysk,49.2167,143.1167,4.83,93,84,1.25,RU,1685038465
417,newman,37.3138,-121.0208,22.35,55,2,2.68,US,1685038465
418,kulachi,31.9286,70.4592,33.32,32,0,4.12,PK,1685038465
419,santa cruz,-17.8,-63.1667,28.9,61,71,7.17,BO,1685038466
420,ponta delgada,37.7333,-25.6667,19.4,68,20,6.69,PT,1685038466
421,nova vicosa,-17.8919,-39.3719,25.08,75,6,5.37,BR,1685038466
422,bogale,16.2833,95.4,28.05,73,1,4.02,MM,1685038466
423,mahdalynivka,48.921,34.9156,16.91,88,98,2.33,UA,1685038466
424,el porvenir,13.7617,-87.3458,32.63,48,28,3.11,HN,1685038466
425,ritchie,-29.038,24.6028,17.56,35,81,12.94,ZA,1685038466
426,zhezqazghan,47.7833,67.7667,19.55,33,5,2.82,KZ,1685038467
427,sao vicente,-23.9631,-46.3919,30.15,69,1,1.34,BR,1685038222
428,sargatskoye,55.6101,73.4972,11.8,66,64,4.05,RU,1685038467
429,marquette,46.5333,-87.6335,18.47,44,1,2.68,US,1685038456
430,lesogorsk,56.0458,99.5136,5.56,82,100,3.2,RU,1685038467
431,touros,-5.1989,-35.4608,29.07,70,48,7.41,BR,1685038206
432,vanimo,-2.6741,141.3028,25.27,90,99,1.13,PG,1685038467
433,masterton,-40.9597,175.6575,11.05,91,8,2.55,NZ,1685038468
434,saint-joseph,-21.3667,55.6167,21.37,87,98,5.6,RE,1685038468
435,ceelbuur,4.685,46.6176,27.16,69,55,7.99,SO,1685038468
436,al bawiti,28.3492,28.8659,31.24,17,84,3.94,EG,1685038468
437,aykhal,66.0,111.5,-1.76,89,99,2.54,RU,1685038468
438,zeerust,-25.5369,26.0751,19.12,31,43,3.44,ZA,1685038468
439,seosan,36.7817,126.4522,16.1,65,100,2.64,KR,1685038468
440,port douglas,-16.4833,145.4667,21.57,85,100,3.73,AU,1685038469
441,conde,-7.2597,-34.9075,27.7,74,75,7.2,BR,1685038469
442,angaur state,6.906,134.13,29.14,78,95,8.74,PW,1685038469
443,arno,60.1167,18.6333,9.32,57,79,5.29,SE,1685038469
444,noumea,-22.2763,166.4572,21.67,99,48,2.5,NC,1685038559
445,brookings,44.3114,-96.7984,26.7,51,0,8.75,US,1685038469
446,nizao,18.25,-70.2,31.31,62,3,4.5,DO,1685038469
447,mugia,43.1041,-9.2179,24.95,68,8,12.34,ES,1685038470
448,dondo,-19.6094,34.7431,21.73,79,38,3.18,MZ,1685038470
449,vila franca do campo,37.7167,-25.4333,19.23,73,78,4.08,PT,1685038470
450,puerto aysen,-45.4,-72.7,4.02,87,100,5.66,CL,1685038470
451,priargunsk,50.3691,119.1012,9.19,69,65,3.75,RU,1685038341
452,kamen'-na-obi,53.7884,81.3423,9.3,52,76,3.95,RU,1685038470
453,armidale,-30.5167,151.65,8.8,37,100,3.87,AU,1685038470
454,palikir - national government center,6.9248,158.1611,26.41,89,75,2.57,FM,1685038471
455,sarmakovo,43.7456,43.2003,18.36,88,41,3.39,RU,1685038471
456,coracao de jesus,-16.6853,-44.365,28.05,34,2,4.6,BR,1685038471
457,aripuana,-9.1667,-60.6333,32.12,52,84,1.25,BR,1685038471
458,klishkivtsi,48.4316,26.2623,16.57,75,68,2.76,UA,1685038471
459,lugus,5.7036,120.8203,27.85,77,100,1.79,PH,1685038471
460,mountain home,43.133,-115.6912,21.35,63,75,2.57,US,1685038472
461,akureyri,65.6835,-18.0878,10.96,40,75,4.12,IS,1685038472
462,mahanoro,-19.9,48.8,19.55,91,42,2.9,MG,1685038472
463,nicoya,10.1483,-85.452,32.46,54,78,1.6,CR,1685038472
464,dauphin,51.1494,-100.0502,30.08,35,0,7.72,CA,1685038472
465,mirador,-6.3708,-44.3631,33.13,41,14,3.14,BR,1685038472
466,amahai,-3.3333,128.9167,27.78,87,93,2.69,ID,1685038472
467,queenstown,-31.8976,26.8753,15.48,62,80,7.27,ZA,1685038229
468,wynyard,-41.0,145.7167,4.99,86,14,4.78,AU,1685038473
469,palmer,42.1584,-72.3287,19.68,39,20,6.69,US,1685038408
470,weihai,37.5017,122.1136,15.5,87,100,4.46,CN,1685038473
471,san fernando de apure,7.8878,-67.4724,27.03,87,98,2.0,VE,1685038243
472,east london,-33.0153,27.9116,17.52,94,20,2.57,ZA,1685038473
473,quellon,-43.1167,-73.6167,9.14,76,75,6.17,CL,1685038473
474,zapolyarnyy,69.4154,30.8136,10.6,36,74,7.48,RU,1685038473
475,salinopolis,-0.6136,-47.3561,28.46,76,24,6.49,BR,1685038369
476,faya-largeau,17.9257,19.1043,39.28,9,8,4.18,TD,1685038474
477,jutai,-5.1833,-68.9,30.46,66,91,0.69,BR,1685038474
478,vilyuysk,63.7553,121.6247,1.94,79,18,2.92,RU,1685038474
479,tezu,27.9167,96.1667,21.86,85,16,2.07,IN,1685038474
480,vernon,50.2581,-119.2691,18.12,63,56,0.51,CA,1685038328
481,yibin,28.7667,104.6238,21.21,84,100,0.53,CN,1685038474
482,zhaoyuan,37.3592,120.3964,14.3,93,84,3.44,CN,1685038475
483,panacan,9.2463,118.4082,26.56,82,96,1.32,PH,1685038475
484,kailua-kona,19.6406,-155.9956,25.98,82,20,1.79,US,1685038475
485,barwani,22.0333,74.9,31.46,45,1,7.25,IN,1685038475
486,ratnagiri,16.9833,73.3,28.03,79,0,1.72,IN,1685038475
487,ghanzi,-21.5667,21.7833,22.09,23,46,2.71,BW,1685038475
488,mont-dore,-22.2833,166.5833,21.67,99,41,1.72,NC,1685038476
489,villa zaragoza,22.0333,-100.7333,23.04,32,51,0.62,MX,1685038476
490,muscat,23.6139,58.5922,36.01,34,94,3.65,OM,1685038476
491,maymana,35.9214,64.7836,21.02,18,0,1.09,AF,1685038476
492,kadnikov,59.5022,40.338,15.33,94,100,1.97,RU,1685038476
493,al qaryatayn,34.2296,37.2407,18.9,48,1,7.05,SY,1685038477
494,flying fish cove,-10.4217,105.6791,25.82,88,75,7.2,CX,1685038477
495,kijang,35.2442,129.2139,17.85,66,94,2.4,KR,1685038477
496,kisangani,0.5167,25.2,22.75,98,90,1.55,CD,1685038472
497,namsos,64.4662,11.4957,5.95,75,100,5.66,NO,1685038477
498,neiafu,-18.65,-173.9833,21.38,94,75,0.0,TO,1685038477
499,floro,61.5996,5.0328,8.98,81,75,9.77,NO,1685038478
500,dalandzadgad,43.5708,104.425,13.35,25,3,1.4,MN,1685038478
501,bereznik,62.8551,42.7072,16.02,90,90,2.2,RU,1685038478
502,makokou,0.5738,12.8642,25.91,76,100,1.09,GA,1685038478
503,kayes,14.0,-11.0,32.84,31,97,4.88,ML,1685038478
504,pariaman,-0.619,100.12,27.03,86,37,1.26,ID,1685038478
505,lomza,53.1781,22.0593,16.63,89,71,3.55,PL,1685038436
506,tartouss,34.889,35.8866,20.74,77,0,1.53,SY,1685038479
507,siocon,7.7061,122.1353,26.79,85,98,1.33,PH,1685038479
508,camana,-16.6228,-72.7111,21.28,76,52,4.37,PE,1685038217
509,cidreira,-30.1811,-50.2056,22.68,67,29,3.54,BR,1685038479
510,calintaan,12.5667,120.9333,26.45,82,66,2.39,PH,1685038479
511,jayapura,-2.5333,140.7,25.66,91,92,1.39,ID,1685038479
512,ji'an,27.1172,114.9793,23.36,96,99,1.04,CN,1685038479
513,robertsport,6.7533,-11.3686,28.6,74,85,3.52,LR,1685038480
514,sault ste. marie,46.5168,-84.3333,16.31,34,2,1.59,CA,1685038249
515,zaozersk,69.4005,32.4476,11.92,40,78,8.29,RU,1685038480
516,al burayqah,30.4062,19.5739,21.79,74,98,11.8,LY,1685038480
517,dampit,-8.2116,112.7493,20.45,97,56,1.2,ID,1685038480
518,sol'-iletsk,51.1631,54.9918,19.58,41,3,3.61,RU,1685038480
519,chipata,-13.6333,32.65,17.54,52,0,2.32,ZM,1685038480
520,seaside,36.6111,-121.8516,14.52,82,100,4.63,US,1685038481
521,shizilu,35.1711,118.8289,16.02,87,88,1.35,CN,1685038481
522,ancud,-41.8697,-73.8203,8.08,87,100,5.2,CL,1685038481
523,mount isa,-20.7333,139.5,16.87,42,0,5.66,AU,1685038481
524,lagunas,-5.2269,-75.6753,26.89,89,92,1.02,PE,1685038481
525,luanda,-8.8368,13.2343,25.0,83,20,5.14,AO,1685038481
526,itoman,26.1247,127.6694,24.01,70,75,4.12,JP,1685038481
527,nouadhibou,20.931,-17.0347,19.99,88,75,5.66,MR,1685038214
528,ciudad bolivar,8.1222,-63.5497,34.3,42,65,4.3,VE,1685038482
529,'ain benian,36.8028,2.9219,19.03,75,37,1.37,DZ,1685038482
530,curuzu cuatia,-29.7917,-58.0546,27.68,47,0,7.24,AR,1685038482
531,haiku-pauwela,20.9219,-156.3051,25.01,71,40,6.69,US,1685038482
532,demopolis,32.5176,-87.8364,26.97,54,40,3.09,US,1685038482
533,haimen,23.1935,116.6142,23.78,94,6,0.57,CN,1685038482
534,biswan,27.5,81.0,29.0,52,0,2.68,IN,1685038483
535,sil-li,39.4947,125.4736,13.13,76,68,1.58,KP,1685038483
536,birjand,32.8663,59.2211,24.26,15,0,3.09,IR,1685038212
537,wellington,-41.2866,174.7756,13.92,92,75,10.29,NZ,1685038353
538,berezovyy,51.6667,135.7,7.5,93,100,1.2,RU,1685038483
539,lesneven,48.5723,-4.3213,17.1,70,0,8.23,FR,1685038483
540,jijiga,9.35,42.8,18.53,88,75,2.74,ET,1685038483
541,kuta,-8.7233,115.1723,26.97,83,40,3.6,ID,1685038484
542,vila velha,-20.3297,-40.2925,25.53,78,20,4.12,BR,1685038484
543,barotac nuevo,10.8942,122.7044,26.05,86,100,0.4,PH,1685038484
544,sungai raya,0.7,108.9,26.28,88,77,2.2,ID,1685038484
545,smara,26.7384,-11.6719,28.77,23,98,5.14,EH,1685038484
546,niafunke,15.9322,-3.9906,39.31,15,74,3.81,ML,1685038484
547,belyy yar,53.6039,91.3903,8.94,37,0,6.0,RU,1685038484
548,loikaw,19.6742,97.2094,20.91,82,46,1.45,MM,1685038485
549,sur,22.5667,59.5289,34.11,49,46,5.28,OM,1685038485
550,brisas barra de suchiate,14.55,-92.2167,33.1,64,34,4.83,MX,1685038485
551,enewetak,11.3474,162.3373,27.73,79,65,5.9,MH,1685038485
552,waterloo,43.4668,-80.5164,16.93,38,0,4.12,CA,1685038485
553,bondo,3.8146,23.6866,23.84,84,93,0.79,CD,1685038485
554,lianzhou,24.7811,112.3825,24.05,98,71,1.35,CN,1685038486
555,gamay,12.3854,125.2979,25.45,90,100,1.73,PH,1685038486
556,papao,-17.75,-149.55,26.82,72,36,4.52,PF,1685038486
557,douz,33.4663,9.0203,22.48,53,79,9.33,TN,1685038486
558,ilhabela,-23.7781,-45.3581,24.24,69,0,2.34,BR,1685038486
559,yulinshi,38.2906,109.7494,18.1,24,100,2.79,CN,1685038486
560,le morne-rouge,14.7667,-61.1333,28.76,33,23,3.57,MQ,1685038487
561,dudinka,69.4058,86.1778,1.46,95,100,4.09,RU,1685038487
562,murygino,58.7383,49.4582,20.3,63,27,3.9,RU,1685038487
563,quang ngai,15.1167,108.8,25.32,87,95,1.46,VN,1685038487
564,ayacucho,-13.1583,-74.2239,21.92,35,20,1.54,PE,1685038487
565,road town,18.4167,-64.6167,30.05,70,75,4.12,VG,1685038487
566,mount gambier,-37.8333,140.7667,9.68,61,51,4.61,AU,1685038487
567,askoy,60.4092,5.226,9.97,84,75,5.66,NO,1685038488
568,zelenogorsk,56.1147,94.5861,3.19,68,61,1.92,RU,1685038488
569,i-n-salah,27.1935,2.4607,33.64,7,54,2.86,DZ,1685038488
570,kapa'a,22.0752,-159.319,24.18,81,75,7.2,US,1685038488
571,hadibu,12.65,54.0333,29.77,70,23,1.99,YE,1685038488
572,asau,46.4333,26.4,16.51,95,60,1.16,RO,1685038488
573,yaren,-0.5472,166.916,28.42,70,76,0.89,NR,1685038488
574,przeworsk,50.0591,22.4941,16.63,89,40,2.7,PL,1685038489
575,gagliano del capo,39.8442,18.3695,21.36,83,0,3.6,IT,1685038489
576,san cristobal,7.7669,-72.225,27.1,67,77,2.17,VE,1685038197
577,khandyga,62.6667,135.6,2.93,90,96,1.42,RU,1685038489
578,port moresby,-9.4431,147.1797,23.81,91,100,1.66,PG,1685038489
579,almeirim,-1.5233,-52.5817,30.93,61,47,2.39,BR,1685038489
580,mooirivier,-29.2082,29.9946,17.21,35,46,5.02,ZA,1685038489
581,malpura,26.2833,75.3833,27.62,48,56,11.09,IN,1685038490
582,alvorada,-12.48,-49.1247,34.54,25,34,2.98,BR,1685038490
583,erdenet,49.0333,104.0833,0.31,83,22,1.14,MN,1685038490
584,nueve de julio,-35.4444,-60.8831,19.42,99,100,1.34,AR,1685038490
585,kouango,4.9934,19.9619,27.92,64,95,3.0,CF,1685038490
586,mary,37.0,62.5,25.01,13,0,5.0,TM,1685038250
587,san vicente de canete,-13.0751,-76.3835,23.41,70,60,3.94,PE,1685038490
588,izazi,-7.2,35.7333,23.3,60,43,2.23,TZ,1685038491
589,mili,6.0815,171.735,27.98,78,19,7.35,MH,1685038491
590,cabo san lucas,22.8909,-109.9124,33.12,37,40,2.57,MX,1685038267
591,kostomuksha,64.571,30.5767,9.95,51,41,3.1,RU,1685038261
592,darwin,-12.4611,130.8418,21.99,83,75,2.06,AU,1685038367
593,thai binh,20.45,106.3333,26.91,87,98,2.94,VN,1685038491
594,hadithah,34.1397,42.3781,25.19,53,47,3.83,IQ,1685038491
595,houmt el souk,33.8758,10.8575,19.97,77,40,9.77,TN,1685038492
596,chichiriviche,10.9333,-68.2772,29.34,73,100,4.41,VE,1685038492
597,dikhil,11.5,42.1667,29.52,54,59,3.8,DJ,1685038492
598,isangel,-19.55,169.2667,21.99,64,34,4.31,VU,1685038492
599,caconda,-13.7333,15.0667,17.76,41,2,1.11,AO,1685038492
